order_id,customer_id,product_id,order_date,quantity,unit_price,discount,total_amount
1,82,8,2025-01-24,3,1299.97,50,3849.91
2,95,7,2025-11-24,5,526.0,200,2430.0
3,5,2,2025-02-07,2,2576.24,0,5152.48
4,72,13,2025-12-21,5,2155.65,200,10578.25
5,76,18,2025-01-25,2,3520.88,100,6941.76
6,36,10,2025-04-25,3,600.83,200,1602.49
7,13,23,2025-06-20,3,4054.93,200,11964.79
8,69,8,2025-07-03,5,1536.57,100,7582.85
9,74,13,2025-12-03,1,3340.19,100,3240.19
10,11,15,2025-02-13,3,2321.71,100,6865.13
11,21,24,2025-06-07,3,3538.92,0,10616.76
12,78,41,2025-03-18,2,900.67,200,1601.34
13,35,41,2025-12-18,2,3454.61,0,6909.22
14,30,3,2025-06-13,3,424.32,100,1172.96
15,28,42,2025-08-13,4,800.07,50,3150.28
16,32,48,2025-09-18,3,3760.37,200,11081.11
17,75,26,2025-06-08,2,2596.68,0,5193.36
18,97,4,2025-02-05,2,3981.19,200,7762.38
19,77,5,2025-07-13,5,4980.99,100,24804.95
20,71,1,2025-11-24,1,3440.38,100,3340.38
21,99,42,2025-06-04,3,2230.35,200,6491.05
22,1,47,2025-12-09,5,3833.61,0,19168.05
23,81,20,2025-11-17,5,1074.66,100,5273.3
24,98,11,2025-09-25,5,4600.62,100,22903.1
25,63,2,2025-02-12,3,1273.32,50,3769.96
26,73,6,2025-02-24,4,4098.51,50,16344.04
27,17,43,2025-08-18,2,1398.78,200,2597.56
28,28,35,2025-12-23,2,3593.45,200,6986.9
29,86,42,2025-06-15,5,2312.28,50,11511.4
30,29,5,2025-06-01,5,2814.22,50,14021.1
31,1,5,2025-12-21,1,1221.81,0,1221.81
32,43,5,2025-09-08,3,3377.99,50,10083.97
33,70,9,2025-12-19,5,2416.09,200,11880.45
34,53,13,2025-02-04,4,1836.06,200,7144.24
35,60,47,2025-01-22,1,397.0,100,297.0
36,14,16,2025-04-07,5,2298.21,200,11291.05
37,24,18,2025-08-08,1,2271.34,0,2271.34
38,7,42,2025-09-27,1,4848.08,50,4798.08
39,22,27,2025-08-16,2,4336.79,0,8673.58
40,22,25,2025-01-13,3,4639.94,200,13719.82
41,37,28,2025-12-24,5,3343.17,200,16515.85
42,20,13,2025-05-07,1,2937.98,0,2937.98
43,96,21,2025-01-02,5,2436.26,50,12131.3
44,8,33,2025-02-28,2,435.75,0,871.5
45,87,16,2025-07-04,5,1306.46,0,6532.3
46,80,6,2025-07-22,5,2869.61,100,14248.05
47,34,14,2025-11-23,3,1269.56,200,3608.68
48,17,43,2025-11-10,4,1649.27,0,6597.08
49,2,30,2025-10-19,1,458.98,50,408.98
50,65,17,2025-03-12,1,4408.42,100,4308.42
51,37,11,2025-08-27,5,3547.35,0,17736.75
52,86,36,2025-05-22,1,4700.76,50,4650.76
53,34,8,2025-02-24,5,861.69,100,4208.45
54,78,14,2025-12-11,2,3468.74,100,6837.48
55,65,32,2025-05-28,1,552.26,200,352.26
56,36,3,2025-01-11,2,3221.86,100,6343.72
57,21,48,2025-08-18,4,2848.44,0,11393.76
58,10,45,2025-03-18,1,4189.52,50,4139.52
59,56,9,2025-01-10,3,4505.01,0,13515.03
60,46,14,2025-11-08,1,1833.03,200,1633.03
61,80,48,2025-03-08,2,4883.41,50,9716.82
62,53,2,2025-03-24,3,3933.69,200,11601.07
63,86,48,2025-04-09,2,3958.14,0,7916.28
64,49,3,2025-08-08,2,4101.27,200,8002.54
65,45,20,2025-04-08,1,3334.16,200,3134.16
66,43,18,2025-02-25,3,1820.62,200,5261.86
67,87,35,2025-06-01,1,4397.49,100,4297.49
68,23,38,2025-05-02,1,3023.2,100,2923.2
69,94,21,2025-07-20,5,666.66,50,3283.3
70,33,3,2025-12-14,1,2647.61,50,2597.61
71,47,28,2025-02-22,3,3153.46,0,9460.38
72,93,20,2025-09-10,4,1698.3,100,6693.2
73,71,9,2025-04-14,4,3418.86,50,13625.44
74,79,37,2025-05-13,5,4185.25,100,20826.25
75,37,14,2025-07-26,5,3072.64,100,15263.2
76,60,29,2025-08-22,2,2604.75,50,5159.5
77,85,6,2025-05-17,5,1742.42,50,8662.1
78,87,20,2025-04-26,2,822.03,0,1644.06
79,32,31,2025-10-28,1,2331.54,50,2281.54
80,92,45,2025-07-16,4,1295.52,0,5182.08
81,97,50,2025-02-25,4,1172.32,200,4489.28
82,7,36,2025-04-28,1,2336.66,200,2136.66
83,86,34,2025-09-20,3,4755.19,200,14065.57
84,79,47,2025-09-14,5,2284.98,50,11374.9
85,96,31,2025-08-09,2,4215.33,100,8330.66
86,99,50,2025-09-16,2,1445.53,0,2891.06
87,92,19,2025-04-09,3,1666.58,0,4999.74
88,18,10,2025-04-13,2,3561.45,0,7122.9
89,54,27,2025-06-18,4,2137.29,50,8499.16
90,54,25,2025-10-23,1,4297.99,200,4097.99
91,62,1,2025-06-10,4,4281.89,200,16927.56
92,69,48,2025-12-18,5,4499.28,200,22296.4
93,29,18,2025-07-16,1,2005.4,200,1805.4
94,93,11,2025-08-05,5,2717.21,200,13386.05
95,76,37,2025-11-01,1,3249.47,50,3199.47
96,60,12,2025-01-09,4,1704.03,200,6616.12
97,42,22,2025-07-09,4,1336.13,0,5344.52
98,61,2,2025-12-18,1,4999.55,100,4899.55
99,29,42,2025-02-25,1,3795.74,50,3745.74
100,26,2,2025-10-05,2,718.48,0,1436.96
101,73,14,2025-08-23,3,3857.8,50,11523.4
102,78,39,2025-12-23,1,3911.18,50,3861.18
103,40,7,2025-10-01,3,2921.4,200,8564.2
104,51,46,2025-04-03,5,3484.01,50,17370.05
105,14,45,2025-05-28,5,4047.09,0,20235.45
106,45,35,2025-07-22,3,437.89,100,1213.67
107,2,27,2025-08-04,4,4807.86,200,19031.44
108,91,10,2025-07-06,5,4830.82,100,24054.1
109,79,35,2025-08-15,4,4146.1,100,16484.4
110,42,16,2025-02-09,4,1294.93,200,4979.72
111,73,40,2025-11-13,3,240.63,100,621.89
112,24,32,2025-04-12,3,1767.66,100,5202.98
113,72,1,2025-09-07,1,1282.64,200,1082.64
114,63,36,2025-04-23,4,3264.92,200,12859.68
115,58,2,2025-02-10,2,2081.57,50,4113.14
116,40,43,2025-10-12,4,2812.02,100,11148.08
117,55,48,2025-09-11,3,3543.99,100,10531.97
118,40,17,2025-04-04,2,1646.18,50,3242.36
119,25,14,2025-12-16,3,3650.47,100,10851.41
120,13,13,2025-05-08,3,979.26,0,2937.78
121,91,35,2025-03-09,1,4874.05,100,4774.05
122,90,9,2025-11-28,4,602.68,0,2410.72
123,74,19,2025-08-16,4,1769.46,0,7077.84
124,33,31,2025-02-27,1,2063.47,0,2063.47
125,74,41,2025-11-02,2,831.07,100,1562.14
126,11,16,2025-02-18,4,3070.96,50,12233.84
127,100,34,2025-07-15,4,1557.03,200,6028.12
128,40,37,2025-10-02,5,4804.53,0,24022.65
129,98,14,2025-11-07,3,3336.1,50,9958.3
130,31,12,2025-09-03,2,113.11,200,26.22
131,89,39,2025-08-10,1,1234.23,100,1134.23
132,90,30,2025-02-22,2,4627.16,50,9204.32
133,55,8,2025-09-08,2,4551.22,50,9052.44
134,10,4,2025-03-26,3,3015.72,100,8947.16
135,57,8,2025-08-23,3,3528.7,100,10486.1
136,65,35,2025-08-15,1,3030.38,200,2830.38
137,95,21,2025-10-09,1,547.5,0,547.5
138,98,44,2025-05-19,1,3839.23,50,3789.23
139,61,34,2025-11-15,3,989.3,200,2767.9
140,82,32,2025-02-16,3,2100.91,100,6202.73
141,86,7,2025-03-11,4,3499.0,100,13896.0
142,85,26,2025-09-02,4,531.49,100,2025.96
143,42,8,2025-07-28,5,4142.14,0,20710.7
144,85,35,2025-08-14,1,1019.15,100,919.15
145,80,49,2025-08-21,4,3823.95,50,15245.8
146,35,36,2025-03-10,4,4416.15,200,17464.6
147,16,2,2025-11-20,2,3577.94,100,7055.88
148,71,1,2025-09-14,1,1201.03,0,1201.03
149,60,8,2025-11-27,2,2542.04,100,4984.08
150,66,46,2025-05-14,4,4903.2,50,19562.8
151,59,36,2025-03-13,2,4617.15,50,9184.3
152,9,18,2025-07-11,5,1409.15,0,7045.75
153,37,47,2025-05-27,5,2941.62,200,14508.1
154,20,29,2025-09-16,3,1728.96,200,4986.88
155,59,21,2025-04-23,2,2901.81,50,5753.62
156,100,27,2025-01-11,4,3555.62,200,14022.48
157,50,43,2025-11-05,4,4827.64,50,19260.56
158,65,38,2025-06-28,1,4383.53,200,4183.53
159,13,34,2025-08-01,2,2108.9,50,4167.8
160,10,31,2025-05-11,5,3494.25,0,17471.25
161,43,44,2025-09-13,3,3171.32,200,9313.96
162,70,3,2025-10-03,2,3192.69,100,6285.38
163,30,48,2025-02-14,1,3825.81,0,3825.81
164,57,11,2025-12-10,1,325.36,0,325.36
165,38,23,2025-06-14,2,1296.57,200,2393.14
166,73,44,2025-03-06,2,486.94,200,773.88
167,80,44,2025-04-16,5,801.28,200,3806.4
168,82,17,2025-08-09,1,4504.65,200,4304.65
169,37,44,2025-09-06,1,2264.48,100,2164.48
170,76,20,2025-11-14,3,2338.5,100,6915.5
171,26,25,2025-08-04,2,1968.69,100,3837.38
172,74,19,2025-12-10,1,4891.93,200,4691.93
173,36,1,2025-10-28,1,4562.02,200,4362.02
174,37,50,2025-04-20,3,1173.12,50,3469.36
175,80,17,2025-11-25,2,3178.42,0,6356.84
176,40,29,2025-01-19,3,3688.56,0,11065.68
177,38,21,2025-12-14,2,1083.89,100,2067.78
178,68,33,2025-05-27,2,1359.15,200,2518.3
179,38,48,2025-06-26,1,2394.82,0,2394.82
180,19,49,2025-04-28,4,4839.62,100,19258.48
181,12,26,2025-01-09,5,705.58,100,3427.9
182,87,48,2025-11-09,5,1967.02,100,9735.1
183,14,44,2025-04-16,1,3135.78,100,3035.78
184,79,15,2025-11-03,4,4556.0,100,18124.0
185,84,27,2025-02-05,1,4736.68,100,4636.68
186,64,8,2025-02-08,5,764.75,200,3623.75
187,48,43,2025-12-23,5,2153.72,50,10718.6
188,54,42,2025-02-27,4,3116.7,100,12366.8
189,5,45,2025-06-07,4,2279.01,50,9066.04
190,47,7,2025-11-12,5,4518.31,100,22491.55
191,8,26,2025-05-07,1,4750.15,200,4550.15
192,12,43,2025-04-21,5,4858.36,0,24291.8
193,43,16,2025-03-26,5,1105.51,50,5477.55
194,76,14,2025-04-11,2,3964.35,0,7928.7
195,36,10,2025-03-18,3,4012.72,0,12038.16
196,85,2,2025-03-01,3,3970.92,50,11862.76
197,76,21,2025-01-06,3,356.76,200,870.28
198,68,8,2025-12-03,4,2296.55,100,9086.2
199,66,38,2025-02-15,5,1185.59,0,5927.95
200,94,43,2025-09-10,4,3252.37,0,13009.48
201,8,31,2025-07-14,1,2502.32,200,2302.32
202,10,6,2025-06-20,2,421.84,100,743.68
203,80,41,2025-10-18,3,1966.43,100,5799.29
204,59,33,2025-10-14,1,3986.17,0,3986.17
205,84,42,2025-09-24,2,2207.34,50,4364.68
206,53,22,2025-08-13,4,3675.1,100,14600.4
207,55,21,2025-11-09,3,4772.6,200,14117.8
208,9,6,2025-02-03,4,573.17,100,2192.68
209,17,36,2025-01-19,5,2852.25,0,14261.25
210,53,23,2025-11-25,4,4353.65,0,17414.6
211,37,39,2025-05-12,1,2931.8,50,2881.8
212,20,43,2025-08-08,1,1815.56,100,1715.56
213,15,49,2025-05-19,2,4055.38,0,8110.76
214,78,43,2025-12-09,1,984.04,100,884.04
215,44,23,2025-01-06,2,2874.97,200,5549.94
216,9,10,2025-12-21,1,549.61,50,499.61
217,49,27,2025-08-11,2,1913.26,100,3726.52
218,100,37,2025-10-03,1,862.34,0,862.34
219,87,6,2025-05-15,4,2479.74,200,9718.96
220,54,18,2025-04-25,5,657.71,200,3088.55
221,15,19,2025-11-22,5,2484.5,100,12322.5
222,6,15,2025-07-20,1,137.67,100,37.67
223,28,50,2025-03-25,3,1518.29,0,4554.87
224,1,32,2025-12-14,2,733.01,50,1416.02
225,65,36,2025-11-26,3,453.17,0,1359.51
226,56,2,2025-08-03,3,2921.22,200,8563.66
227,91,41,2025-07-10,1,2084.66,100,1984.66
228,22,40,2025-08-27,3,531.84,0,1595.52
229,32,28,2025-10-13,5,485.37,100,2326.85
230,96,22,2025-04-11,2,474.26,0,948.52
231,68,33,2025-04-25,3,1820.39,50,5411.17
232,31,7,2025-03-09,2,950.15,50,1850.3
233,98,49,2025-11-03,2,4761.33,200,9322.66
234,60,49,2025-10-25,5,2299.64,100,11398.2
235,81,21,2025-03-15,1,2397.71,100,2297.71
236,36,38,2025-01-12,5,463.53,200,2117.65
237,58,3,2025-01-12,3,475.98,0,1427.94
238,79,39,2025-09-13,4,2943.61,0,11774.44
239,58,37,2025-11-07,3,3064.53,50,9143.59
240,8,29,2025-02-26,3,4913.69,0,14741.07
241,65,42,2025-03-02,2,3567.35,200,6934.7
242,68,34,2025-10-06,3,1926.97,100,5680.91
243,50,27,2025-06-22,5,356.59,100,1682.95
244,9,22,2025-02-18,4,1492.32,50,5919.28
245,43,6,2025-10-22,2,4592.06,100,9084.12
246,84,45,2025-11-13,2,3015.7,0,6031.4
247,40,36,2025-07-21,3,4084.61,0,12253.83
248,83,43,2025-07-17,3,189.33,100,467.99
249,24,14,2025-06-25,4,1040.83,50,4113.32
250,20,5,2025-05-28,1,2587.68,0,2587.68
251,85,22,2025-10-05,5,1945.93,50,9679.65
252,24,45,2025-10-26,2,3633.8,0,7267.6
253,53,24,2025-11-24,2,4850.98,100,9601.96
254,97,48,2025-08-08,5,1271.93,200,6159.65
255,25,24,2025-11-19,4,2362.23,100,9348.92
256,100,25,2025-09-17,4,4834.71,50,19288.84
257,78,9,2025-05-02,4,4383.17,0,17532.68
258,92,34,2025-02-10,1,3839.27,100,3739.27
259,58,33,2025-03-27,4,549.4,50,2147.6
260,58,23,2025-01-14,1,2042.62,100,1942.62
261,31,25,2025-02-12,2,238.12,0,476.24
262,92,42,2025-06-26,2,774.24,100,1448.48
263,61,45,2025-03-25,4,2298.15,0,9192.6
264,11,2,2025-05-07,2,2789.14,200,5378.28
265,15,50,2025-05-08,3,697.06,50,2041.18
266,54,41,2025-10-15,1,643.2,200,443.2
267,77,35,2025-01-21,5,2917.73,50,14538.65
268,38,28,2025-01-20,3,1278.76,200,3636.28
269,24,43,2025-11-03,5,4875.81,0,24379.05
270,68,35,2025-09-26,5,2815.34,200,13876.7
271,61,3,2025-11-13,3,1342.89,0,4028.67
272,46,5,2025-06-08,1,3880.36,100,3780.36
273,18,3,2025-06-18,3,4086.19,50,12208.57
274,100,44,2025-08-23,4,3195.51,50,12732.04
275,9,46,2025-08-02,3,1087.8,50,3213.4
276,6,21,2025-05-17,4,4946.7,200,19586.8
277,33,3,2025-11-07,3,1849.17,0,5547.51
278,84,22,2025-05-04,3,2241.06,200,6523.18
279,96,29,2025-07-11,2,2531.4,200,4862.8
280,48,34,2025-05-26,1,3662.7,0,3662.7
281,56,39,2025-03-18,3,1673.94,0,5021.82
282,42,43,2025-05-10,4,3052.85,200,12011.4
283,22,45,2025-08-12,4,307.54,100,1130.16
284,79,28,2025-05-21,1,467.7,200,267.7
285,47,33,2025-12-22,2,4768.67,50,9487.34
286,78,44,2025-08-02,2,429.44,100,758.88
287,47,25,2025-10-02,5,851.85,200,4059.25
288,48,24,2025-08-25,1,2912.22,100,2812.22
289,51,21,2025-11-09,2,4806.55,0,9613.1
290,95,12,2025-08-17,4,4576.36,0,18305.44
291,34,50,2025-05-23,4,1151.4,100,4505.6
292,89,32,2025-04-04,2,4278.85,200,8357.7
293,23,46,2025-08-03,3,3372.41,0,10117.23
294,71,35,2025-05-10,2,3587.86,50,7125.72
295,47,33,2025-04-04,2,3981.12,50,7912.24
296,64,2,2025-06-18,5,1907.66,50,9488.3
297,79,6,2025-02-10,4,4998.02,200,19792.08
298,68,27,2025-07-27,5,461.38,100,2206.9
299,83,5,2025-08-15,5,1788.12,50,8890.6
300,99,9,2025-07-17,1,4173.81,50,4123.81
301,39,11,2025-03-11,2,1795.51,100,3491.02
302,11,17,2025-04-21,5,1444.81,100,7124.05
303,79,35,2025-02-17,2,2999.86,50,5949.72
304,22,43,2025-10-24,5,1754.34,0,8771.7
305,4,6,2025-01-21,5,1396.81,50,6934.05
306,99,37,2025-07-20,1,2540.39,100,2440.39
307,83,20,2025-08-08,4,1557.43,0,6229.72
308,89,4,2025-03-15,4,2472.83,50,9841.32
309,44,39,2025-03-11,3,3697.58,100,10992.74
310,52,9,2025-06-17,5,620.3,50,3051.5
311,60,8,2025-05-15,2,790.3,0,1580.6
312,38,25,2025-10-14,2,4817.16,50,9584.32
313,42,37,2025-12-11,2,3839.29,200,7478.58
314,66,30,2025-08-10,4,213.56,200,654.24
315,65,30,2025-04-07,5,1829.19,0,9145.95
316,37,32,2025-10-27,4,1500.17,0,6000.68
317,14,28,2025-03-09,3,3842.9,100,11428.7
318,6,26,2025-01-19,5,1053.81,100,5169.05
319,10,25,2025-09-15,5,1470.63,0,7353.15
320,17,7,2025-07-12,3,2833.38,100,8400.14
321,97,10,2025-04-20,5,2066.8,0,10334.0
322,6,3,2025-03-23,3,4039.43,200,11918.29
323,20,39,2025-09-05,3,4663.71,100,13891.13
324,21,26,2025-10-24,3,3009.25,200,8827.75
325,91,37,2025-05-16,1,1904.95,0,1904.95
326,54,38,2025-05-26,1,3024.86,100,2924.86
327,84,50,2025-10-19,2,3634.86,200,7069.72
328,22,34,2025-11-24,5,3895.57,200,19277.85
329,19,44,2025-04-02,5,4746.21,0,23731.05
330,25,2,2025-08-11,4,842.01,50,3318.04
331,53,33,2025-10-16,1,3558.3,50,3508.3
332,72,21,2025-11-16,5,1946.44,50,9682.2
333,59,35,2025-06-18,3,3411.76,100,10135.28
334,79,31,2025-04-08,3,2834.62,50,8453.86
335,39,50,2025-05-23,2,3482.18,200,6764.36
336,41,31,2025-06-18,3,1510.17,200,4330.51
337,51,23,2025-03-10,1,1509.39,0,1509.39
338,45,29,2025-11-09,4,1148.54,100,4494.16
339,72,45,2025-05-05,1,3116.82,50,3066.82
340,32,4,2025-11-17,2,3225.93,0,6451.86
341,13,27,2025-06-23,4,592.67,50,2320.68
342,1,36,2025-03-14,4,2439.5,50,9708.0
343,97,19,2025-06-10,1,4548.89,0,4548.89
344,84,37,2025-04-18,1,4574.83,50,4524.83
345,54,12,2025-01-27,4,3961.01,50,15794.04
346,96,19,2025-01-01,3,2883.01,0,8649.03
347,43,19,2025-08-21,5,2669.16,50,13295.8
348,65,30,2025-05-07,1,1720.35,200,1520.35
349,83,17,2025-12-06,1,3709.43,100,3609.43
350,73,44,2025-04-06,5,4295.12,200,21275.6
351,55,33,2025-06-03,4,3379.35,50,13467.4
352,18,31,2025-06-08,1,1377.85,50,1327.85
353,58,49,2025-05-11,3,2954.06,0,8862.18
354,34,42,2025-06-23,2,404.41,0,808.82
355,60,20,2025-03-13,5,4623.22,100,23016.1
356,89,8,2025-11-10,3,3111.66,50,9284.98
357,18,31,2025-03-15,5,1930.76,200,9453.8
358,97,35,2025-11-27,2,3833.11,0,7666.22
359,68,29,2025-09-23,3,482.7,0,1448.1
360,8,36,2025-09-07,5,2729.63,50,13598.15
361,42,34,2025-08-04,2,3612.9,200,7025.8
362,12,33,2025-08-26,1,2321.82,200,2121.82
363,59,37,2025-01-18,4,3396.56,100,13486.24
364,93,2,2025-07-09,1,3754.44,0,3754.44
365,6,28,2025-06-23,1,2751.7,0,2751.7
366,9,31,2025-01-10,4,981.91,50,3877.64
367,99,42,2025-12-21,4,1934.86,200,7539.44
368,58,25,2025-07-03,5,751.65,100,3658.25
369,16,12,2025-09-13,5,724.0,50,3570.0
370,1,49,2025-01-10,4,3400.15,200,13400.6
371,69,25,2025-04-08,4,1796.18,100,7084.72
372,25,47,2025-02-02,4,3113.12,0,12452.48
373,31,14,2025-02-04,5,264.52,0,1322.6
374,32,48,2025-01-13,4,1248.26,50,4943.04
375,97,50,2025-01-05,5,4968.07,50,24790.35
376,94,37,2025-06-19,5,3885.44,100,19327.2
377,31,20,2025-03-22,5,1183.11,100,5815.55
378,36,4,2025-09-19,2,3167.37,200,6134.74
379,72,32,2025-01-12,4,3950.44,100,15701.76
380,90,27,2025-07-05,3,1944.65,200,5633.95
381,31,15,2025-05-28,2,4048.3,0,8096.6
382,72,27,2025-07-18,5,757.05,50,3735.25
383,33,14,2025-06-21,1,4618.91,100,4518.91
384,12,35,2025-12-27,2,352.53,200,505.06
385,87,39,2025-10-02,1,1022.0,50,972.0
386,62,14,2025-06-10,1,1137.86,50,1087.86
387,95,8,2025-12-25,4,4580.76,50,18273.04
388,51,16,2025-09-11,3,1965.24,100,5795.72
389,40,17,2025-06-17,4,2383.42,200,9333.68
390,98,21,2025-04-12,3,2128.26,50,6334.78
391,95,10,2025-01-09,5,4680.32,200,23201.6
392,38,10,2025-04-11,2,1961.21,50,3872.42
393,64,36,2025-11-22,3,1360.9,200,3882.7
394,93,42,2025-12-16,4,924.34,100,3597.36
395,22,9,2025-12-18,4,1001.83,0,4007.32
396,68,3,2025-02-27,1,3845.26,200,3645.26
397,18,41,2025-04-03,2,144.79,200,89.58
398,48,4,2025-10-21,5,4572.48,200,22662.4
399,3,1,2025-09-18,4,158.07,100,532.28
400,69,19,2025-01-17,4,4050.22,50,16150.88
401,14,7,2025-09-05,2,1040.47,100,1980.94
402,46,18,2025-07-03,3,4800.56,200,14201.68
403,73,16,2025-12-08,3,3451.8,0,10355.4
404,84,42,2025-01-03,4,1958.39,200,7633.56
405,8,41,2025-01-23,2,505.16,200,810.32
406,83,22,2025-10-28,1,4484.48,0,4484.48
407,30,14,2025-12-19,4,1428.37,0,5713.48
408,88,18,2025-09-19,1,978.84,100,878.84
409,3,14,2025-10-05,4,4651.49,100,18505.96
410,21,37,2025-04-19,4,3417.47,100,13569.88
411,50,49,2025-12-05,1,2553.88,100,2453.88
412,7,7,2025-07-08,1,1768.9,200,1568.9
413,100,21,2025-01-21,3,3939.39,200,11618.17
414,63,15,2025-06-18,4,2216.05,200,8664.2
415,11,50,2025-10-10,2,3594.23,0,7188.46
416,35,10,2025-07-23,2,3724.31,100,7348.62
417,47,7,2025-02-01,3,2279.21,100,6737.63
418,14,9,2025-02-06,4,2299.33,200,8997.32
419,14,2,2025-02-12,5,556.01,100,2680.05
420,50,1,2025-05-14,4,3917.93,50,15621.72
421,74,34,2025-03-22,4,930.56,100,3622.24
422,39,18,2025-08-05,1,919.32,100,819.32
423,54,20,2025-08-26,1,1869.51,50,1819.51
424,93,41,2025-08-20,5,1058.19,0,5290.95
425,18,20,2025-01-13,3,4223.91,200,12471.73
426,43,29,2025-06-14,5,767.01,100,3735.05
427,78,45,2025-04-16,3,970.42,200,2711.26
428,41,19,2025-12-23,4,4842.04,50,19318.16
429,42,25,2025-05-27,4,1888.58,50,7504.32
430,76,35,2025-03-22,5,231.89,200,959.45
431,91,14,2025-08-26,3,4173.28,0,12519.84
432,53,44,2025-08-05,3,1285.9,50,3807.7
433,92,28,2025-07-03,4,4954.43,200,19617.72
434,75,26,2025-09-17,4,2763.86,100,10955.44
435,90,35,2025-10-21,1,635.91,50,585.91
436,85,43,2025-06-06,5,317.05,200,1385.25
437,97,22,2025-07-04,1,583.17,50,533.17
438,66,48,2025-09-18,5,3469.56,50,17297.8
439,58,24,2025-07-15,5,3483.14,50,17365.7
440,45,2,2025-08-04,3,2138.28,0,6414.84
441,15,47,2025-03-12,3,1781.03,50,5293.09
442,67,31,2025-06-16,1,2247.01,200,2047.01
443,41,5,2025-05-02,1,210.67,100,110.67
444,83,7,2025-11-26,2,4656.62,50,9263.24
445,67,12,2025-09-06,3,2843.26,200,8329.78
446,30,26,2025-11-06,2,3238.35,200,6276.7
447,51,2,2025-12-20,2,2302.92,200,4405.84
448,50,1,2025-12-07,2,1463.89,0,2927.78
449,74,7,2025-09-06,3,1697.33,200,4891.99
450,15,17,2025-11-28,4,2685.8,100,10643.2
451,77,25,2025-10-13,5,659.74,100,3198.7
452,59,40,2025-03-27,3,4601.54,0,13804.62
453,87,9,2025-06-04,2,1596.36,50,3142.72
454,48,45,2025-03-17,4,2149.37,50,8547.48
455,74,25,2025-07-06,4,3213.96,50,12805.84
456,72,11,2025-08-10,2,1016.78,200,1833.56
457,80,4,2025-06-01,4,769.02,200,2876.08
458,72,33,2025-11-16,4,3455.01,200,13620.04
459,91,29,2025-08-06,1,2870.45,50,2820.45
460,38,3,2025-05-08,5,1514.48,200,7372.4
461,73,48,2025-08-18,5,654.73,0,3273.65
462,35,50,2025-09-27,3,2756.01,0,8268.03
463,98,47,2025-08-18,2,4949.9,0,9899.8
464,95,42,2025-04-10,1,2303.69,100,2203.69
465,12,29,2025-02-25,2,1128.4,100,2156.8
466,91,40,2025-11-14,2,3119.14,50,6188.28
467,27,4,2025-10-12,5,1477.32,50,7336.6
468,42,46,2025-05-10,5,1409.98,0,7049.9
469,18,49,2025-07-02,3,4348.53,50,12995.59
470,90,9,2025-04-05,3,4159.56,200,12278.68
471,63,10,2025-10-21,3,3176.28,200,9328.84
472,58,5,2025-11-26,1,2073.97,100,1973.97
473,89,24,2025-08-16,3,2951.58,0,8854.74
474,94,30,2025-11-22,3,4265.52,200,12596.56
475,28,28,2025-04-16,3,1682.04,100,4946.12
476,44,36,2025-10-05,5,4276.87,100,21284.35
477,88,49,2025-01-02,1,3168.28,200,2968.28
478,3,8,2025-03-15,4,103.31,200,213.24
479,26,45,2025-03-21,3,878.99,100,2536.97
480,12,42,2025-06-09,1,1922.03,50,1872.03
481,7,26,2025-11-10,2,2203.23,0,4406.46
482,91,7,2025-01-07,4,481.9,50,1877.6
483,67,44,2025-08-01,1,3508.43,0,3508.43
484,55,45,2025-03-16,1,1221.84,0,1221.84
485,94,7,2025-02-11,3,4416.85,50,13200.55
486,49,50,2025-03-21,2,435.22,0,870.44
487,79,42,2025-03-15,3,3639.92,50,10869.76
488,53,40,2025-11-15,2,524.77,0,1049.54
489,18,49,2025-02-19,4,1822.52,200,7090.08
490,41,9,2025-04-09,1,1316.02,100,1216.02
491,100,45,2025-01-28,3,1106.68,50,3270.04
492,96,26,2025-05-21,1,3940.63,50,3890.63
493,64,25,2025-02-08,4,3226.6,0,12906.4
494,68,1,2025-06-11,2,1995.51,200,3791.02
495,47,35,2025-11-06,4,4776.82,0,19107.28
496,3,38,2025-02-01,3,1157.14,0,3471.42
497,51,33,2025-05-21,5,3858.84,200,19094.2
498,90,26,2025-02-21,5,2734.51,50,13622.55
499,36,6,2025-05-03,5,4612.53,50,23012.65
500,69,21,2025-07-19,1,1619.83,200,1419.83
501,94,16,2025-01-08,1,4630.68,0,4630.68
502,59,40,2025-10-02,3,3363.79,50,10041.37
503,16,1,2025-12-05,1,902.78,100,802.78
504,67,34,2025-12-09,2,1922.16,100,3744.32
505,94,8,2025-01-11,4,1432.7,0,5730.8
506,34,46,2025-10-21,1,2531.12,100,2431.12
507,8,32,2025-10-06,3,870.82,0,2612.46
508,74,44,2025-12-04,2,3729.82,0,7459.64
509,6,1,2025-04-02,4,1883.48,50,7483.92
510,23,3,2025-09-26,4,1200.13,50,4750.52
511,54,47,2025-06-09,1,2900.53,0,2900.53
512,65,44,2025-01-06,2,4041.26,0,8082.52
513,52,5,2025-08-28,3,3890.28,100,11570.84
514,42,6,2025-09-15,1,1907.7,100,1807.7
515,73,20,2025-12-20,2,2373.24,200,4546.48
516,99,50,2025-04-24,5,3826.36,50,19081.8
517,20,1,2025-07-01,2,2753.57,0,5507.14
518,43,1,2025-11-13,3,609.35,50,1778.05
519,54,32,2025-01-05,3,555.83,50,1617.49
520,67,27,2025-12-12,4,4875.32,0,19501.28
521,75,7,2025-09-05,4,466.67,0,1866.68
522,56,43,2025-03-08,3,1378.86,100,4036.58
523,51,45,2025-12-11,3,2318.51,50,6905.53
524,10,13,2025-03-25,5,633.97,0,3169.85
525,22,29,2025-08-11,4,691.61,100,2666.44
526,99,14,2025-08-10,4,1398.54,0,5594.16
527,12,11,2025-11-10,5,297.62,100,1388.1
528,19,6,2025-12-08,3,2041.6,0,6124.8
529,87,20,2025-05-27,2,252.3,200,304.6
530,58,36,2025-12-18,2,564.15,0,1128.3
531,18,8,2025-01-02,2,740.5,200,1281.0
532,48,44,2025-11-21,1,2953.39,100,2853.39
533,10,2,2025-02-07,4,4065.56,0,16262.24
534,43,8,2025-01-15,1,923.15,200,723.15
535,93,26,2025-08-01,4,3447.74,50,13740.96
536,46,14,2025-03-09,3,2285.46,50,6806.38
537,5,40,2025-10-20,2,3271.66,200,6343.32
538,53,36,2025-08-02,1,1470.9,50,1420.9
539,54,13,2025-11-26,5,1320.82,0,6604.1
540,49,46,2025-06-16,5,3929.03,100,19545.15
541,73,33,2025-06-13,3,981.1,100,2843.3
542,77,15,2025-01-26,3,387.1,200,961.3
543,68,23,2025-10-08,2,590.66,50,1131.32
544,35,35,2025-12-02,2,2920.89,200,5641.78
545,46,12,2025-03-08,5,1658.22,100,8191.1
546,76,2,2025-12-23,3,4743.04,50,14179.12
547,73,13,2025-08-18,3,960.23,0,2880.69
548,12,4,2025-04-20,2,197.65,200,195.3
549,1,22,2025-10-07,2,1769.72,50,3489.44
550,42,4,2025-01-05,5,3553.01,50,17715.05
551,100,8,2025-09-28,3,4806.74,100,14320.22
552,91,43,2025-07-19,1,1749.15,100,1649.15
553,18,11,2025-12-14,4,3280.98,50,13073.92
554,91,36,2025-12-20,3,1193.86,50,3531.58
555,49,20,2025-12-23,3,724.01,0,2172.03
556,90,37,2025-07-28,5,258.68,100,1193.4
557,79,15,2025-11-19,1,4689.77,50,4639.77
558,43,48,2025-02-08,3,4913.66,50,14690.98
559,82,6,2025-12-22,3,2288.49,100,6765.47
560,27,16,2025-12-03,3,1357.62,0,4072.86
561,93,1,2025-01-13,4,3689.66,50,14708.64
562,53,32,2025-07-12,5,1939.2,200,9496.0
563,74,42,2025-11-08,2,2311.31,0,4622.62
564,38,2,2025-06-09,1,463.58,50,413.58
565,49,11,2025-12-03,5,4714.99,0,23574.95
566,44,39,2025-10-16,1,2213.48,50,2163.48
567,78,28,2025-03-02,1,1722.36,50,1672.36
568,53,45,2025-09-24,5,1399.8,100,6899.0
569,39,16,2025-02-02,4,2901.67,200,11406.68
570,20,4,2025-06-01,4,529.38,200,1917.52
571,26,7,2025-01-07,2,3227.13,0,6454.26
572,61,8,2025-05-26,4,2407.63,100,9530.52
573,12,42,2025-09-13,2,1918.0,200,3636.0
574,48,12,2025-08-02,3,2254.73,100,6664.19
575,29,18,2025-10-02,2,3785.95,0,7571.9
576,11,43,2025-06-26,5,2128.53,50,10592.65
577,71,4,2025-07-27,5,2151.3,200,10556.5
578,74,16,2025-08-10,1,2034.54,0,2034.54
579,65,37,2025-09-26,5,3419.92,50,17049.6
580,16,49,2025-08-06,2,4863.61,50,9677.22
581,17,3,2025-07-03,4,1089.4,50,4307.6
582,77,17,2025-06-24,1,526.43,200,326.43
583,71,21,2025-05-17,4,4594.09,0,18376.36
584,90,40,2025-10-17,4,651.34,50,2555.36
585,19,37,2025-10-19,1,4632.15,0,4632.15
586,37,35,2025-06-14,3,1976.91,200,5730.73
587,74,39,2025-08-02,2,1449.53,50,2849.06
588,80,39,2025-11-23,4,290.03,100,1060.12
589,89,16,2025-01-24,4,4612.09,100,18348.36
590,3,22,2025-05-10,3,4229.95,0,12689.85
591,30,9,2025-05-24,4,3892.75,100,15471.0
592,35,47,2025-07-20,1,1020.88,50,970.88
593,53,48,2025-08-25,5,4349.23,0,21746.15
594,66,11,2025-02-10,5,2076.59,0,10382.95
595,23,13,2025-04-27,1,1322.5,200,1122.5
596,7,24,2025-12-07,3,1904.92,200,5514.76
597,65,26,2025-11-04,1,1285.5,200,1085.5
598,77,29,2025-03-28,4,2975.71,100,11802.84
599,45,11,2025-05-24,1,1496.84,200,1296.84
600,7,11,2025-10-25,2,4299.84,50,8549.68
601,87,14,2025-05-21,4,2615.08,0,10460.32
602,61,9,2025-11-06,5,4024.24,50,20071.2
603,33,39,2025-05-23,3,2176.65,200,6329.95
604,45,30,2025-05-07,4,1580.51,200,6122.04
605,75,7,2025-01-17,3,2851.14,100,8453.42
606,39,44,2025-02-16,1,1747.79,100,1647.79
607,82,21,2025-05-09,3,1022.96,50,3018.88
608,8,39,2025-07-22,3,3435.7,0,10307.1
609,84,32,2025-05-09,4,2082.53,0,8330.12
610,75,46,2025-10-27,2,1781.52,50,3513.04
611,88,35,2025-11-26,4,4541.98,100,18067.92
612,65,20,2025-03-27,5,987.57,0,4937.85
613,61,9,2025-12-09,5,3838.3,50,19141.5
614,88,22,2025-11-03,2,1840.89,100,3581.78
615,54,22,2025-06-09,5,1540.85,0,7704.25
616,61,4,2025-11-19,5,4727.07,0,23635.35
617,61,13,2025-09-04,4,2696.21,200,10584.84
618,7,10,2025-03-07,3,2105.04,200,6115.12
619,19,21,2025-12-06,1,2489.15,50,2439.15
620,41,41,2025-01-01,4,1440.29,50,5711.16
621,74,49,2025-03-16,1,734.09,200,534.09
622,82,28,2025-07-14,4,1978.25,0,7913.0
623,69,13,2025-12-12,1,4470.83,50,4420.83
624,3,44,2025-01-21,2,1208.7,100,2317.4
625,40,9,2025-02-13,5,2984.49,50,14872.45
626,9,3,2025-05-10,4,3666.38,100,14565.52
627,56,44,2025-03-11,4,1860.33,50,7391.32
628,22,26,2025-01-08,2,3663.13,50,7276.26
629,28,47,2025-01-19,5,928.03,100,4540.15
630,92,42,2025-01-13,3,3879.12,0,11637.36
631,77,4,2025-11-04,1,336.35,0,336.35
632,54,29,2025-07-04,5,1338.42,50,6642.1
633,27,45,2025-11-21,1,1575.47,0,1575.47
634,85,34,2025-05-20,5,3533.56,200,17467.8
635,14,33,2025-12-20,1,1485.26,0,1485.26
636,64,13,2025-10-07,3,4174.34,50,12473.02
637,46,46,2025-07-10,2,293.09,200,386.18
638,27,45,2025-08-11,2,113.42,0,226.84
639,15,37,2025-11-16,2,4752.29,0,9504.58
640,93,47,2025-02-09,2,2338.08,100,4576.16
641,34,30,2025-01-04,2,4383.29,100,8666.58
642,47,44,2025-06-14,1,565.49,0,565.49
643,2,9,2025-11-21,2,1710.44,200,3220.88
644,80,18,2025-12-03,3,4093.33,50,12229.99
645,15,26,2025-07-15,3,4194.97,200,12384.91
646,54,42,2025-03-04,2,3511.23,0,7022.46
647,21,7,2025-07-19,4,4031.1,200,15924.4
648,24,40,2025-07-25,3,3095.66,50,9236.98
649,62,32,2025-02-14,4,325.26,100,1201.04
650,84,21,2025-01-23,5,3860.89,50,19254.45
651,86,22,2025-09-17,5,566.69,50,2783.45
652,62,23,2025-11-22,4,828.41,0,3313.64
653,2,42,2025-03-17,4,4274.17,50,17046.68
654,10,49,2025-08-11,2,1721.38,100,3342.76
655,7,33,2025-04-18,4,2076.06,50,8254.24
656,11,30,2025-08-26,5,2295.68,200,11278.4
657,58,21,2025-02-16,1,602.95,200,402.95
658,5,36,2025-09-01,1,3979.74,100,3879.74
659,66,36,2025-04-21,4,4756.74,100,18926.96
660,7,15,2025-08-11,5,3860.34,200,19101.7
661,92,43,2025-06-23,4,658.71,50,2584.84
662,1,22,2025-06-27,3,2783.68,100,8251.04
663,90,7,2025-01-06,4,788.2,200,2952.8
664,14,17,2025-10-07,2,691.65,200,1183.3
665,28,30,2025-04-23,3,628.05,200,1684.15
666,6,41,2025-11-19,1,3883.51,200,3683.51
667,59,43,2025-10-17,2,4822.89,0,9645.78
668,68,48,2025-01-18,4,4210.2,200,16640.8
669,66,50,2025-03-23,5,950.89,50,4704.45
670,14,25,2025-11-20,5,4425.21,200,21926.05
671,54,39,2025-12-25,2,1440.62,100,2781.24
672,38,29,2025-03-05,4,3052.37,100,12109.48
673,90,36,2025-06-23,5,3199.66,50,15948.3
674,27,40,2025-12-10,3,4613.84,50,13791.52
675,91,42,2025-03-17,5,3502.13,100,17410.65
676,91,8,2025-06-18,4,2955.75,200,11623.0
677,87,48,2025-09-10,4,4060.69,0,16242.76
678,4,25,2025-03-02,1,1079.52,50,1029.52
679,37,44,2025-05-05,1,3483.91,100,3383.91
680,27,49,2025-09-02,3,4088.73,0,12266.19
681,79,44,2025-12-18,2,3737.82,200,7275.64
682,31,33,2025-12-10,1,4639.78,200,4439.78
683,54,44,2025-06-18,1,163.53,100,63.53
684,26,40,2025-08-27,2,4566.28,100,9032.56
685,97,38,2025-09-24,5,1062.7,50,5263.5
686,38,29,2025-03-22,1,1016.19,50,966.19
687,95,33,2025-02-13,1,2199.69,100,2099.69
688,17,11,2025-10-28,3,127.66,200,182.98
689,91,10,2025-01-05,3,3024.71,100,8974.13
690,63,37,2025-09-12,1,3941.75,100,3841.75
691,68,15,2025-03-17,1,3952.67,50,3902.67
692,54,35,2025-09-13,1,1812.07,50,1762.07
693,85,22,2025-06-12,3,1170.38,200,3311.14
694,72,49,2025-11-01,1,3377.8,200,3177.8
695,31,42,2025-10-20,2,4798.59,100,9497.18
696,49,8,2025-07-09,5,3647.48,0,18237.4
697,67,50,2025-06-17,5,2283.23,0,11416.15
698,38,42,2025-04-11,5,503.49,0,2517.45
699,22,50,2025-09-18,1,3171.97,50,3121.97
700,86,41,2025-04-28,4,4194.76,50,16729.04
701,69,45,2025-12-25,4,3268.15,0,13072.6
702,96,44,2025-03-01,4,3612.65,0,14450.6
703,12,5,2025-01-06,3,2834.61,50,8453.83
704,34,27,2025-07-15,4,2221.82,0,8887.28
705,50,44,2025-02-18,1,3242.97,0,3242.97
706,97,48,2025-10-02,1,1852.73,0,1852.73
707,38,44,2025-05-20,1,1479.44,200,1279.44
708,49,26,2025-11-01,4,865.99,50,3413.96
709,18,48,2025-07-26,5,1545.39,50,7676.95
710,39,44,2025-12-21,3,4791.22,0,14373.66
711,71,36,2025-03-04,1,124.65,200,-75.35
712,69,36,2025-02-10,2,3766.65,100,7433.3
713,28,27,2025-11-28,5,798.03,50,3940.15
714,29,40,2025-05-07,1,988.65,0,988.65
715,97,36,2025-08-21,5,458.41,0,2292.05
716,33,7,2025-04-24,5,2487.23,100,12336.15
717,46,9,2025-11-21,2,590.22,0,1180.44
718,25,21,2025-08-15,3,3120.08,100,9260.24
719,89,38,2025-03-19,5,1886.02,100,9330.1
720,55,11,2025-01-11,2,3949.73,200,7699.46
721,36,24,2025-03-22,3,4401.64,200,13004.92
722,58,23,2025-05-16,5,633.28,0,3166.4
723,36,9,2025-09-07,3,3694.37,0,11083.11
724,94,5,2025-01-28,5,3194.97,200,15774.85
725,99,38,2025-04-02,5,1377.02,200,6685.1
726,84,50,2025-03-12,4,1194.2,100,4676.8
727,18,30,2025-09-17,1,2044.25,0,2044.25
728,85,16,2025-10-22,2,3810.31,50,7570.62
729,58,11,2025-03-19,5,3331.13,50,16605.65
730,95,47,2025-08-12,1,1172.21,200,972.21
731,30,5,2025-05-12,2,309.76,50,569.52
732,67,24,2025-07-16,4,4419.6,0,17678.4
733,84,21,2025-02-23,5,3204.48,100,15922.4
734,95,17,2025-10-18,5,951.86,200,4559.3
735,47,38,2025-11-27,1,2631.65,200,2431.65
736,29,34,2025-07-12,3,2485.62,200,7256.86
737,78,1,2025-09-05,4,911.47,0,3645.88
738,66,42,2025-05-07,2,1015.84,100,1931.68
739,78,46,2025-02-22,2,2131.61,100,4163.22
740,93,8,2025-08-22,4,2447.2,50,9738.8
741,83,27,2025-01-08,1,726.64,50,676.64
742,18,41,2025-09-02,5,819.64,50,4048.2
743,34,12,2025-09-13,5,4849.29,0,24246.45
744,93,47,2025-11-27,3,4741.54,50,14174.62
745,58,39,2025-08-28,4,935.78,200,3543.12
746,77,10,2025-10-27,2,3153.74,100,6207.48
747,22,47,2025-11-11,4,3023.01,0,12092.04
748,30,25,2025-07-05,1,181.16,200,-18.84
749,20,39,2025-02-06,4,4517.88,0,18071.52
750,69,33,2025-02-03,4,3331.02,0,13324.08
751,100,44,2025-11-14,5,2161.35,0,10806.75
752,90,34,2025-07-08,4,3968.82,200,15675.28
753,45,38,2025-12-25,5,578.81,50,2844.05
754,33,31,2025-04-28,1,1488.01,200,1288.01
755,33,13,2025-01-23,1,2932.14,0,2932.14
756,67,1,2025-07-21,2,3470.06,100,6840.12
757,53,24,2025-02-05,4,3292.72,100,13070.88
758,34,35,2025-07-19,3,3098.22,200,9094.66
759,97,14,2025-07-18,5,2464.09,100,12220.45
760,72,36,2025-08-09,3,2930.49,200,8591.47
761,95,9,2025-11-04,2,2288.31,50,4526.62
762,13,14,2025-09-13,3,4024.18,0,12072.54
763,21,25,2025-11-01,1,4133.95,200,3933.95
764,77,28,2025-02-03,3,1186.67,0,3560.01
765,78,3,2025-12-13,4,3108.43,100,12333.72
766,92,39,2025-01-25,2,3237.43,200,6274.86
767,2,13,2025-11-26,5,1501.43,0,7507.15
768,77,33,2025-09-23,2,3114.43,0,6228.86
769,47,16,2025-11-01,2,525.53,100,951.06
770,100,26,2025-06-22,4,2086.71,50,8296.84
771,67,1,2025-12-23,1,4603.97,100,4503.97
772,93,36,2025-10-12,3,4820.11,100,14360.33
773,29,39,2025-04-15,4,2917.04,100,11568.16
774,23,27,2025-09-04,5,454.69,100,2173.45
775,44,8,2025-09-09,5,4084.42,100,20322.1
776,89,29,2025-07-19,4,3872.84,100,15391.36
777,100,30,2025-11-15,5,4323.91,200,21419.55
778,15,17,2025-02-13,2,3416.87,50,6783.74
779,41,27,2025-06-17,5,147.64,100,638.2
780,32,19,2025-02-13,3,472.54,50,1367.62
781,61,21,2025-06-07,5,1418.47,50,7042.35
782,64,48,2025-04-08,2,4376.44,50,8702.88
783,30,13,2025-04-27,5,1844.53,0,9222.65
784,16,6,2025-11-22,4,3107.75,0,12431.0
785,62,24,2025-10-11,4,4500.79,100,17903.16
786,63,12,2025-09-09,4,1188.25,50,4703.0
787,7,34,2025-07-16,5,259.56,100,1197.8
788,51,44,2025-03-15,1,3521.4,200,3321.4
789,41,45,2025-01-01,2,1959.2,0,3918.4
790,42,24,2025-10-28,3,1017.05,100,2951.15
791,31,18,2025-08-20,3,1893.03,200,5479.09
792,55,14,2025-07-23,3,1888.88,200,5466.64
793,36,29,2025-03-19,2,4898.44,50,9746.88
794,13,47,2025-05-26,2,2821.17,200,5442.34
795,26,10,2025-12-05,4,4047.77,50,16141.08
796,54,32,2025-03-28,5,2716.51,100,13482.55
797,63,20,2025-05-18,5,333.78,0,1668.9
798,89,11,2025-01-07,3,2435.04,0,7305.12
799,58,48,2025-06-09,3,1865.5,100,5496.5
800,45,2,2025-07-04,3,4350.11,50,13000.33
801,74,37,2025-11-21,5,955.24,100,4676.2
802,46,21,2025-11-17,4,3896.25,200,15385.0
803,11,25,2025-10-10,4,3195.39,50,12731.56
804,22,41,2025-06-14,5,2901.02,0,14505.1
805,11,11,2025-06-08,3,1652.7,100,4858.1
806,91,18,2025-10-21,4,1429.12,200,5516.48
807,100,24,2025-12-19,5,4831.08,200,23955.4
808,22,12,2025-01-05,2,3343.91,0,6687.82
809,27,11,2025-07-04,1,412.58,200,212.58
810,71,4,2025-01-25,4,2667.52,0,10670.08
811,14,17,2025-10-05,1,3308.68,200,3108.68
812,40,15,2025-04-24,3,2271.49,50,6764.47
813,17,34,2025-03-01,1,3351.39,100,3251.39
814,61,30,2025-09-09,5,2279.74,50,11348.7
815,76,39,2025-08-21,5,2231.39,100,11056.95
816,45,31,2025-09-08,1,2265.12,100,2165.12
817,53,17,2025-03-10,1,100.45,50,50.45
818,45,19,2025-08-18,1,3470.07,200,3270.07
819,97,31,2025-05-01,4,4010.03,50,15990.12
820,1,36,2025-06-07,4,4422.59,200,17490.36
821,51,16,2025-03-23,4,4159.29,50,16587.16
822,34,6,2025-07-21,2,2631.39,100,5162.78
823,37,42,2025-12-18,3,2123.23,0,6369.69
824,24,9,2025-05-04,4,3126.87,100,12407.48
825,90,40,2025-08-07,3,195.04,0,585.12
826,69,2,2025-03-04,3,1419.06,200,4057.18
827,94,1,2025-04-03,2,172.15,50,294.3
828,44,27,2025-05-26,4,4990.02,200,19760.08
829,90,3,2025-06-03,2,374.59,200,549.18
830,10,35,2025-08-06,2,4488.92,100,8877.84
831,49,1,2025-02-25,2,1985.51,200,3771.02
832,32,48,2025-01-07,4,3703.08,0,14812.32
833,67,43,2025-04-16,4,3439.07,100,13656.28
834,42,11,2025-11-24,1,3749.15,0,3749.15
835,33,31,2025-11-10,2,1866.09,0,3732.18
836,86,14,2025-02-08,4,1690.12,50,6710.48
837,36,38,2025-02-13,2,143.76,0,287.52
838,75,45,2025-08-23,5,859.46,0,4297.3
839,32,11,2025-08-03,5,1758.27,0,8791.35
840,8,23,2025-11-05,5,3978.18,50,19840.9
841,63,15,2025-06-18,3,4047.07,200,11941.21
842,94,13,2025-01-23,4,1855.02,50,7370.08
843,33,3,2025-08-23,4,2839.22,200,11156.88
844,25,37,2025-03-18,3,1686.04,200,4858.12
845,36,39,2025-09-06,1,2702.57,200,2502.57
846,38,17,2025-09-12,4,103.53,200,214.12
847,94,12,2025-01-20,3,3902.48,50,11657.44
848,42,47,2025-02-22,5,4113.34,50,20516.7
849,68,44,2025-08-25,5,855.24,100,4176.2
850,42,27,2025-11-11,1,571.66,0,571.66
851,6,9,2025-03-28,1,1090.19,200,890.19
852,25,7,2025-01-19,4,3323.81,100,13195.24
853,7,24,2025-04-20,1,164.12,50,114.12
854,84,32,2025-02-15,1,1868.54,200,1668.54
855,48,46,2025-01-27,5,1402.5,0,7012.5
856,94,5,2025-05-03,2,4806.88,0,9613.76
857,13,47,2025-04-18,4,1028.36,50,4063.44
858,73,41,2025-03-18,5,2134.4,0,10672.0
859,99,41,2025-10-12,4,3542.5,200,13970.0
860,14,11,2025-03-18,4,2572.99,50,10241.96
861,69,39,2025-08-12,3,2795.4,100,8286.2
862,48,27,2025-11-14,3,3081.23,50,9193.69
863,49,50,2025-09-24,3,1864.04,200,5392.12
864,58,26,2025-01-24,1,4916.49,0,4916.49
865,67,9,2025-05-01,3,4923.53,50,14720.59
866,41,2,2025-12-27,3,4603.65,50,13760.95
867,13,3,2025-08-12,2,778.2,100,1456.4
868,75,16,2025-04-09,3,550.34,200,1451.02
869,73,14,2025-12-03,3,3985.23,50,11905.69
870,63,45,2025-12-19,1,3016.63,100,2916.63
871,5,47,2025-10-13,1,3922.6,100,3822.6
872,45,28,2025-07-28,1,4361.95,50,4311.95
873,96,42,2025-10-01,4,365.23,0,1460.92
874,41,35,2025-10-05,3,2561.77,50,7635.31
875,20,4,2025-11-24,4,4858.1,0,19432.4
876,29,28,2025-05-26,4,825.26,100,3201.04
877,11,31,2025-10-24,1,2785.95,100,2685.95
878,11,26,2025-09-14,2,3833.96,200,7467.92
879,72,13,2025-08-13,5,1060.89,50,5254.45
880,32,5,2025-05-25,4,1684.72,0,6738.88
881,15,43,2025-07-14,3,1806.71,100,5320.13
882,45,39,2025-11-01,3,929.35,100,2688.05
883,79,29,2025-10-05,4,319.9,50,1229.6
884,26,44,2025-06-05,1,650.62,0,650.62
885,32,40,2025-03-28,3,167.29,0,501.87
886,40,29,2025-08-01,3,1124.15,50,3322.45
887,27,35,2025-09-25,3,2789.12,50,8317.36
888,89,45,2025-11-01,4,2956.72,0,11826.88
889,33,11,2025-01-10,2,3967.02,100,7834.04
890,7,30,2025-11-01,1,2004.36,100,1904.36
891,85,43,2025-06-28,1,193.48,200,-6.52
892,30,25,2025-09-23,1,4528.97,200,4328.97
893,77,35,2025-02-06,2,2553.19,200,4906.38
894,72,46,2025-01-02,2,4619.12,100,9138.24
895,43,32,2025-07-24,2,190.02,100,280.04
896,46,41,2025-05-08,5,1451.8,0,7259.0
897,81,17,2025-07-27,1,4726.27,100,4626.27
898,29,10,2025-06-13,2,530.2,200,860.4
899,67,44,2025-10-28,2,2144.93,50,4239.86
900,55,20,2025-10-11,4,2756.95,50,10977.8
901,84,9,2025-10-18,2,4326.68,100,8553.36
902,89,46,2025-09-05,4,4978.86,50,19865.44
903,84,37,2025-03-11,1,2830.97,0,2830.97
904,24,21,2025-03-24,1,3850.63,200,3650.63
905,53,20,2025-08-24,3,844.59,50,2483.77
906,14,9,2025-03-01,5,3123.04,50,15565.2
907,77,15,2025-04-22,1,1860.38,200,1660.38
908,18,33,2025-10-16,3,1001.48,200,2804.44
909,63,31,2025-03-06,2,1208.74,200,2217.48
910,98,1,2025-05-14,2,3737.6,50,7425.2
911,97,14,2025-02-06,4,4348.93,200,17195.72
912,89,21,2025-08-08,4,2083.85,0,8335.4
913,78,48,2025-07-24,3,2031.34,0,6094.02
914,67,7,2025-08-15,1,4401.12,50,4351.12
915,67,35,2025-07-24,1,2832.73,0,2832.73
916,25,19,2025-08-13,3,3891.02,100,11573.06
917,60,11,2025-07-10,5,4603.26,50,22966.3
918,60,42,2025-08-03,5,654.54,50,3222.7
919,51,27,2025-06-15,1,976.51,50,926.51
920,59,6,2025-05-11,2,3620.04,0,7240.08
921,12,8,2025-12-15,3,518.0,200,1354.0
922,94,33,2025-10-06,4,2796.69,0,11186.76
923,99,11,2025-06-19,2,894.41,50,1738.82
924,23,50,2025-12-02,4,1609.5,200,6238.0
925,37,41,2025-03-04,2,4806.13,0,9612.26
926,80,49,2025-05-01,4,2538.38,200,9953.52
927,70,1,2025-10-16,2,1162.68,200,2125.36
928,59,27,2025-08-03,5,3040.5,50,15152.5
929,71,18,2025-10-21,5,4118.59,50,20542.95
930,7,12,2025-03-02,3,279.93,0,839.79
931,86,37,2025-10-10,3,4609.89,0,13829.67
932,14,27,2025-03-06,3,3094.34,50,9233.02
933,59,48,2025-10-12,1,556.32,100,456.32
934,42,24,2025-07-27,1,3816.37,0,3816.37
935,38,31,2025-03-04,3,1713.12,200,4939.36
936,68,14,2025-12-07,5,385.1,0,1925.5
937,62,47,2025-12-20,3,2192.56,100,6477.68
938,34,34,2025-10-20,3,4642.82,200,13728.46
939,67,47,2025-11-16,4,4059.1,50,16186.4
940,91,19,2025-04-01,1,217.54,0,217.54
941,95,14,2025-10-14,4,322.91,100,1191.64
942,72,41,2025-04-01,2,3481.08,100,6862.16
943,9,20,2025-05-17,5,1687.23,0,8436.15
944,15,44,2025-06-11,4,3649.54,0,14598.16
945,23,13,2025-06-27,3,4619.17,200,13657.51
946,61,3,2025-11-05,4,861.39,200,3245.56
947,69,22,2025-08-26,4,4646.17,0,18584.68
948,67,20,2025-10-24,3,2820.37,0,8461.11
949,27,37,2025-11-11,3,424.44,50,1223.32
950,36,2,2025-06-13,5,4227.79,200,20938.95
951,24,39,2025-02-28,3,3555.8,100,10567.4
952,91,3,2025-05-14,1,2535.57,50,2485.57
953,48,29,2025-05-07,5,1581.36,0,7906.8
954,48,3,2025-04-03,4,2579.37,200,10117.48
955,65,10,2025-04-11,4,3688.96,100,14655.84
956,100,21,2025-03-25,1,4128.48,50,4078.48
957,27,47,2025-01-15,4,3597.02,0,14388.08
958,1,20,2025-01-22,5,4372.19,100,21760.95
959,60,3,2025-02-17,3,210.15,100,530.45
960,82,14,2025-06-07,2,1504.18,100,2908.36
961,99,29,2025-11-04,3,831.67,100,2395.01
962,15,1,2025-10-18,5,601.64,100,2908.2
963,71,21,2025-05-05,3,2913.01,50,8689.03
964,10,20,2025-10-11,5,2273.87,50,11319.35
965,4,31,2025-11-02,1,1979.64,0,1979.64
966,55,26,2025-03-23,5,4467.25,200,22136.25
967,79,23,2025-05-11,2,3593.2,0,7186.4
968,97,49,2025-08-19,2,555.29,200,910.58
969,13,30,2025-05-22,4,2405.67,50,9572.68
970,19,40,2025-05-12,4,998.43,100,3893.72
971,42,30,2025-08-01,1,2429.14,100,2329.14
972,62,30,2025-03-10,3,3061.76,50,9135.28
973,66,7,2025-07-27,1,1696.76,0,1696.76
974,39,35,2025-08-13,5,2125.87,50,10579.35
975,71,11,2025-08-13,1,1769.5,200,1569.5
976,56,37,2025-06-18,2,948.12,0,1896.24
977,95,46,2025-10-27,4,660.18,200,2440.72
978,42,36,2025-02-27,4,963.25,200,3653.0
979,9,39,2025-02-22,5,3879.58,200,19197.9
980,42,32,2025-11-22,1,543.61,50,493.61
981,75,49,2025-11-26,1,3809.68,50,3759.68
982,58,35,2025-05-13,5,2931.86,50,14609.3
983,27,44,2025-06-10,5,3992.3,100,19861.5
984,56,46,2025-06-03,5,139.78,200,498.9
985,17,19,2025-01-12,5,4842.71,0,24213.55
986,91,36,2025-06-04,3,4341.83,50,12975.49
987,56,45,2025-10-13,3,3587.69,200,10563.07
988,49,28,2025-09-07,2,2426.87,50,4803.74
989,72,25,2025-06-27,4,855.91,50,3373.64
990,18,1,2025-02-21,1,805.58,200,605.58
991,85,28,2025-03-03,2,3246.99,200,6293.98
992,59,45,2025-10-14,5,981.01,200,4705.05
993,71,29,2025-07-12,2,1010.38,0,2020.76
994,74,32,2025-12-08,5,1419.33,100,6996.65
995,5,3,2025-10-16,3,654.51,200,1763.53
996,89,6,2025-03-24,5,4919.54,100,24497.7
997,60,34,2025-02-17,5,533.39,200,2466.95
998,81,48,2025-11-22,1,3451.96,100,3351.96
999,79,4,2025-06-18,1,2397.46,200,2197.46
1000,74,47,2025-06-14,3,4806.85,100,14320.55
